{
    "pass_1": {
        "ChatGPT": {
            "class_partial_success": 0.47,
            "class_success": 0.264,
            "fun_partial_success": 0.7143426294820715,
            "fun_success": 0.5689243027888448
        },
        "ChatGPT_Data_Formatting": {
            "class_partial_success": 0.49230769230769234,
            "class_success": 0.3,
            "fun_partial_success": 0.616923076923077,
            "fun_success": 0.49846153846153857
        },
        "ChatGPT_greedy": {
            "class_partial_success": 0.08800000000000001,
            "class_success": 0.048000000000000015,
            "fun_partial_success": 0.14023904382470212,
            "fun_success": 0.10916334661354629
        },
        "ChatGPT_greedy_Data_Formatting": {
            "class_partial_success": 0.0846153846153846,
            "class_success": 0.05384615384615384,
            "fun_partial_success": 0.11692307692307675,
            "fun_success": 0.0907692307692307
        },
        "Deepseek-r1-distill-llama-70b": {
            "class_partial_success": 0.644,
            "class_success": 0.3499999999999999,
            "fun_partial_success": 0.7992031872509966,
            "fun_success": 0.6609561752988052
        },
        "Deepseek-r1-distill-llama-70b_Data_Formatting": {
            "class_partial_success": 0.6230769230769231,
            "class_success": 0.3230769230769231,
            "fun_partial_success": 0.769230769230769,
            "fun_success": 0.5953846153846154
        },
        "Deepseek-r1-distill-llama-70b_greedy": {
            "class_partial_success": 0.12599999999999986,
            "class_success": 0.06800000000000003,
            "fun_partial_success": 0.15577689243028003,
            "fun_success": 0.1266932270916342
        },
        "Deepseek-r1-distill-llama-70b_greedy_Data_Formatting": {
            "class_partial_success": 0.1307692307692308,
            "class_success": 0.061538461538461535,
            "fun_partial_success": 0.15538461538461507,
            "fun_success": 0.11692307692307675
        },
        "GPT-4": {
            "class_partial_success": 0.53,
            "class_success": 0.318,
            "fun_partial_success": 0.7729083665338646,
            "fun_success": 0.6254980079681275
        },
        "GPT-4_Data_Formatting": {
            "class_partial_success": 0.4846153846153846,
            "class_success": 0.34615384615384615,
            "fun_partial_success": 0.7415384615384616,
            "fun_success": 0.6076923076923078
        },
        "GPT-4_greedy": {
            "class_partial_success": 0.10199999999999995,
            "class_success": 0.060000000000000026,
            "fun_partial_success": 0.15338645418326805,
            "fun_success": 0.12151394422310823
        },
        "GPT-4_greedy_Data_Formatting": {
            "class_partial_success": 0.0923076923076923,
            "class_success": 0.05384615384615384,
            "fun_partial_success": 0.14615384615384588,
            "fun_success": 0.11692307692307675
        },
        "Llama4-maverick-instruct": {
            "class_partial_success": 0.6479999999999998,
            "class_success": 0.34199999999999997,
            "fun_partial_success": 0.8434262948207178,
            "fun_success": 0.6880478087649409
        },
        "Llama4-maverick-instruct_Data_Formatting": {
            "class_partial_success": 0.6538461538461539,
            "class_success": 0.3153846153846154,
            "fun_partial_success": 0.8246153846153843,
            "fun_success": 0.6461538461538461
        },
        "Llama4-maverick-instruct_greedy": {
            "class_partial_success": 0.13599999999999984,
            "class_success": 0.07000000000000003,
            "fun_partial_success": 0.17171314741035992,
            "fun_success": 0.1410358565737061
        },
        "Llama4-maverick-instruct_greedy_Data_Formatting": {
            "class_partial_success": 0.1384615384615385,
            "class_success": 0.061538461538461535,
            "fun_partial_success": 0.1707692307692304,
            "fun_success": 0.13230769230769207
        },
        "SantaCoder": {
            "class_partial_success": 0.013999999999999999,
            "class_success": 0.0,
            "fun_partial_success": 0.09880478087649407,
            "fun_success": 0.007171314741035857
        },
        "SantaCoder_Data_Formatting": {
            "class_partial_success": 0.038461538461538464,
            "class_success": 0.0,
            "fun_partial_success": 0.08615384615384614,
            "fun_success": 0.007692307692307693
        },
        "SantaCoder_greedy": {
            "class_partial_success": 0.004,
            "class_success": 0.0,
            "fun_partial_success": 0.014741035856573713,
            "fun_success": 0.0015936254980079682
        },
        "SantaCoder_greedy_Data_Formatting": {
            "class_partial_success": 0.007692307692307693,
            "class_success": 0.0,
            "fun_partial_success": 0.01846153846153846,
            "fun_success": 0.0015384615384615385
        },
        "WizardCoder": {
            "class_partial_success": 0.14199999999999996,
            "class_success": 0.08200000000000002,
            "fun_partial_success": 0.2808764940239046,
            "fun_success": 0.18565737051792863
        },
        "WizardCoder_Data_Formatting": {
            "class_partial_success": 0.16153846153846155,
            "class_success": 0.13846153846153847,
            "fun_partial_success": 0.353846153846154,
            "fun_success": 0.25692307692307687
        },
        "WizardCoder_greedy": {
            "class_partial_success": 0.019999999999999997,
            "class_success": 0.016,
            "fun_partial_success": 0.0494023904382469,
            "fun_success": 0.03505976095617524
        },
        "WizardCoder_greedy_Data_Formatting": {
            "class_partial_success": 0.03076923076923077,
            "class_success": 0.03076923076923077,
            "fun_partial_success": 0.07384615384615383,
            "fun_success": 0.05384615384615388
        }
    },
    "pass_3": {
        "ChatGPT": {
            "class_partial_success": 0.513,
            "class_success": 0.3,
            "fun_partial_success": 0.7575697211155374,
            "fun_success": 0.6125498007968129
        },
        "ChatGPT_Data_Formatting": {
            "class_partial_success": 0.5692307692307692,
            "class_success": 0.36538461538461536,
            "fun_partial_success": 0.686923076923077,
            "fun_success": 0.5746153846153845
        },
        "ChatGPT_greedy": {
            "class_partial_success": 0.2640000000000002,
            "class_success": 0.14399999999999996,
            "fun_partial_success": 0.420717131474101,
            "fun_success": 0.32749003984063574
        },
        "ChatGPT_greedy_Data_Formatting": {
            "class_partial_success": 0.2538461538461538,
            "class_success": 0.16153846153846155,
            "fun_partial_success": 0.3507692307692313,
            "fun_success": 0.27230769230769264
        },
        "Deepseek-r1-distill-llama-70b": {
            "class_partial_success": 0.7079999999999999,
            "class_success": 0.41899999999999993,
            "fun_partial_success": 0.8488047808764939,
            "fun_success": 0.7205179282868527
        },
        "Deepseek-r1-distill-llama-70b_Data_Formatting": {
            "class_partial_success": 0.6884615384615385,
            "class_success": 0.3807692307692308,
            "fun_partial_success": 0.8076923076923077,
            "fun_success": 0.6461538461538462
        },
        "Deepseek-r1-distill-llama-70b_greedy": {
            "class_partial_success": 0.37800000000000045,
            "class_success": 0.20400000000000007,
            "fun_partial_success": 0.46733067729083366,
            "fun_success": 0.3800796812748982
        },